Compound,Date,Negative,Neutral,Positive,Tweets Ago,User
0.9393,Wed Jul 04 19:03:04 +0000 2018,0.439,0.0,0.561,1,@BBC
-0.5103,Wed Jul 04 18:02:03 +0000 2018,0.535,0.321,0.144,2,@BBC
0.6597,Wed Jul 04 16:52:02 +0000 2018,0.631,0.086,0.284,3,@BBC
-0.296,Wed Jul 04 16:02:01 +0000 2018,0.855,0.145,0.0,4,@BBC
0.0,Wed Jul 04 14:27:00 +0000 2018,1.0,0.0,0.0,5,@BBC
0.0,Wed Jul 04 14:04:05 +0000 2018,1.0,0.0,0.0,6,@BBC
-0.8934,Wed Jul 04 13:01:25 +0000 2018,0.526,0.474,0.0,7,@BBC
0.7964,Wed Jul 04 12:34:02 +0000 2018,0.645,0.068,0.287,8,@BBC
0.6114,Wed Jul 04 12:01:08 +0000 2018,0.6,0.0,0.4,9,@BBC
0.0,Wed Jul 04 11:01:08 +0000 2018,1.0,0.0,0.0,10,@BBC
-0.802,Wed Jul 04 10:17:15 +0000 2018,0.725,0.275,0.0,11,@BBC
0.7351,Wed Jul 04 08:00:11 +0000 2018,0.592,0.0,0.408,12,@BBC
-0.4019,Wed Jul 04 07:23:02 +0000 2018,0.87,0.13,0.0,13,@BBC
0.34,Wed Jul 04 07:00:12 +0000 2018,0.789,0.0,0.211,14,@BBC
0.6597,Tue Jul 03 21:01:39 +0000 2018,0.646,0.102,0.252,15,@BBC
-0.3182,Tue Jul 03 20:55:51 +0000 2018,0.905,0.095,0.0,16,@BBC
0.2023,Tue Jul 03 19:32:04 +0000 2018,0.917,0.0,0.083,17,@BBC
-0.5106,Tue Jul 03 18:00:25 +0000 2018,0.752,0.248,0.0,18,@BBC
0.4019,Tue Jul 03 17:01:03 +0000 2018,0.753,0.067,0.18,19,@BBC
0.0,Tue Jul 03 16:00:18 +0000 2018,1.0,0.0,0.0,20,@BBC
0.128,Tue Jul 03 15:21:59 +0000 2018,0.923,0.0,0.077,21,@BBC
0.6808,Tue Jul 03 15:07:30 +0000 2018,0.547,0.124,0.328,22,@BBC
0.0,Tue Jul 03 14:23:58 +0000 2018,1.0,0.0,0.0,23,@BBC
-0.6705,Tue Jul 03 14:03:05 +0000 2018,0.8,0.2,0.0,24,@BBC
0.5411,Tue Jul 03 12:19:44 +0000 2018,0.811,0.0,0.189,25,@BBC
0.2732,Tue Jul 03 12:00:20 +0000 2018,0.861,0.0,0.139,26,@BBC
0.0,Tue Jul 03 11:31:42 +0000 2018,1.0,0.0,0.0,27,@BBC
0.128,Tue Jul 03 11:02:04 +0000 2018,0.903,0.0,0.097,28,@BBC
-0.9028,Tue Jul 03 09:37:17 +0000 2018,0.604,0.396,0.0,29,@BBC
0.0,Tue Jul 03 08:00:15 +0000 2018,1.0,0.0,0.0,30,@BBC
0.8541,Tue Jul 03 07:26:06 +0000 2018,0.67,0.0,0.33,31,@BBC
0.0,Tue Jul 03 07:01:02 +0000 2018,1.0,0.0,0.0,32,@BBC
0.0,Mon Jul 02 19:01:05 +0000 2018,1.0,0.0,0.0,33,@BBC
-0.128,Mon Jul 02 18:01:05 +0000 2018,0.914,0.086,0.0,34,@BBC
0.1027,Mon Jul 02 16:13:24 +0000 2018,0.806,0.089,0.105,35,@BBC
0.6705,Mon Jul 02 16:04:06 +0000 2018,0.776,0.0,0.224,36,@BBC
-0.1779,Mon Jul 02 16:01:04 +0000 2018,0.854,0.09,0.055,37,@BBC
0.2263,Mon Jul 02 15:51:11 +0000 2018,0.664,0.133,0.203,38,@BBC
0.0772,Mon Jul 02 15:50:40 +0000 2018,0.925,0.0,0.075,39,@BBC
0.1027,Mon Jul 02 15:44:43 +0000 2018,0.798,0.092,0.109,40,@BBC
0.5093,Mon Jul 02 13:04:05 +0000 2018,0.852,0.0,0.148,41,@BBC
-0.5719,Mon Jul 02 12:04:02 +0000 2018,0.575,0.425,0.0,42,@BBC
0.0,Mon Jul 02 11:01:07 +0000 2018,1.0,0.0,0.0,43,@BBC
0.4939,Mon Jul 02 09:31:06 +0000 2018,0.856,0.0,0.144,44,@BBC
0.0,Mon Jul 02 08:03:02 +0000 2018,1.0,0.0,0.0,45,@BBC
0.0,Mon Jul 02 07:27:05 +0000 2018,1.0,0.0,0.0,46,@BBC
0.0,Mon Jul 02 07:03:02 +0000 2018,1.0,0.0,0.0,47,@BBC
0.8299,Sun Jul 01 20:43:50 +0000 2018,0.748,0.0,0.252,48,@BBC
0.6588,Sun Jul 01 19:36:52 +0000 2018,0.845,0.0,0.155,49,@BBC
0.4019,Sun Jul 01 19:27:02 +0000 2018,0.876,0.0,0.124,50,@BBC
-0.2957,Sun Jul 01 19:02:03 +0000 2018,0.657,0.176,0.168,51,@BBC
-0.0516,Sun Jul 01 18:00:19 +0000 2018,0.515,0.273,0.211,52,@BBC
0.5994,Sun Jul 01 17:58:17 +0000 2018,0.822,0.0,0.178,53,@BBC
0.0,Sun Jul 01 17:07:02 +0000 2018,1.0,0.0,0.0,54,@BBC
0.0,Sun Jul 01 16:32:14 +0000 2018,1.0,0.0,0.0,55,@BBC
0.0,Sun Jul 01 16:06:03 +0000 2018,1.0,0.0,0.0,56,@BBC
0.0,Sun Jul 01 15:07:02 +0000 2018,1.0,0.0,0.0,57,@BBC
0.9096,Sun Jul 01 14:19:37 +0000 2018,0.582,0.0,0.418,58,@BBC
0.5574,Sun Jul 01 13:32:20 +0000 2018,0.841,0.0,0.159,59,@BBC
0.0516,Sun Jul 01 13:08:41 +0000 2018,0.485,0.252,0.262,60,@BBC
0.5859,Sun Jul 01 13:04:05 +0000 2018,0.703,0.0,0.297,61,@BBC
-0.296,Sun Jul 01 11:53:09 +0000 2018,0.855,0.145,0.0,62,@BBC
0.7269,Sun Jul 01 11:52:12 +0000 2018,0.747,0.0,0.253,63,@BBC
0.0,Sun Jul 01 11:04:03 +0000 2018,1.0,0.0,0.0,64,@BBC
-0.7003,Sun Jul 01 10:08:02 +0000 2018,0.734,0.266,0.0,65,@BBC
0.5784,Sun Jul 01 09:03:08 +0000 2018,0.688,0.065,0.247,66,@BBC
0.0,Sun Jul 01 08:07:00 +0000 2018,1.0,0.0,0.0,67,@BBC
-0.128,Sun Jul 01 07:04:01 +0000 2018,0.784,0.116,0.1,68,@BBC
0.5707,Sat Jun 30 19:56:38 +0000 2018,0.85,0.0,0.15,69,@BBC
-0.5106,Sat Jun 30 19:50:50 +0000 2018,0.491,0.356,0.153,70,@BBC
-0.6705,Sat Jun 30 19:27:05 +0000 2018,0.766,0.234,0.0,71,@BBC
0.0,Sat Jun 30 18:28:48 +0000 2018,1.0,0.0,0.0,72,@BBC
0.0,Sat Jun 30 18:12:00 +0000 2018,1.0,0.0,0.0,73,@BBC
0.3802,Sat Jun 30 17:04:00 +0000 2018,0.834,0.0,0.166,74,@BBC
0.0,Sat Jun 30 16:04:06 +0000 2018,1.0,0.0,0.0,75,@BBC
0.0,Sat Jun 30 16:03:09 +0000 2018,1.0,0.0,0.0,76,@BBC
-0.3818,Sat Jun 30 15:07:03 +0000 2018,0.88,0.12,0.0,77,@BBC
0.5509,Sat Jun 30 13:40:13 +0000 2018,0.835,0.0,0.165,78,@BBC
0.0,Sat Jun 30 12:58:04 +0000 2018,1.0,0.0,0.0,79,@BBC
0.5719,Sat Jun 30 12:13:52 +0000 2018,0.866,0.0,0.134,80,@BBC
0.891,Sat Jun 30 12:13:40 +0000 2018,0.685,0.0,0.315,81,@BBC
0.0,Sat Jun 30 12:07:04 +0000 2018,1.0,0.0,0.0,82,@BBC
0.4404,Sat Jun 30 11:05:01 +0000 2018,0.659,0.114,0.228,83,@BBC
0.1007,Sat Jun 30 10:02:04 +0000 2018,0.91,0.0,0.09,84,@BBC
-0.4404,Sat Jun 30 09:23:10 +0000 2018,0.683,0.208,0.109,85,@BBC
0.0,Sat Jun 30 09:05:03 +0000 2018,1.0,0.0,0.0,86,@BBC
0.0,Sat Jun 30 08:19:13 +0000 2018,1.0,0.0,0.0,87,@BBC
0.0,Sat Jun 30 08:04:06 +0000 2018,1.0,0.0,0.0,88,@BBC
-0.8689,Sat Jun 30 07:02:00 +0000 2018,0.479,0.521,0.0,89,@BBC
0.4939,Fri Jun 29 18:01:04 +0000 2018,0.588,0.112,0.3,90,@BBC
0.0,Fri Jun 29 15:18:58 +0000 2018,1.0,0.0,0.0,91,@BBC
-0.7184,Fri Jun 29 15:05:41 +0000 2018,0.686,0.243,0.071,92,@BBC
0.1779,Fri Jun 29 13:01:05 +0000 2018,0.918,0.0,0.082,93,@BBC
0.296,Fri Jun 29 12:51:35 +0000 2018,0.905,0.0,0.095,94,@BBC
0.0,Fri Jun 29 12:00:19 +0000 2018,1.0,0.0,0.0,95,@BBC
0.2023,Fri Jun 29 11:03:07 +0000 2018,0.913,0.0,0.087,96,@BBC
0.3612,Fri Jun 29 09:56:50 +0000 2018,0.848,0.0,0.152,97,@BBC
0.0,Fri Jun 29 08:00:12 +0000 2018,1.0,0.0,0.0,98,@BBC
0.0,Fri Jun 29 07:29:06 +0000 2018,1.0,0.0,0.0,99,@BBC
0.5859,Fri Jun 29 07:00:12 +0000 2018,0.648,0.0,0.352,100,@BBC
0.3182,Mon Jul 02 21:13:11 +0000 2018,0.892,0.0,0.108,1,@CBS
0.0,Mon Jul 02 20:47:32 +0000 2018,1.0,0.0,0.0,2,@CBS
0.0,Mon Jul 02 17:27:06 +0000 2018,1.0,0.0,0.0,3,@CBS
0.5411,Mon Jul 02 17:00:02 +0000 2018,0.741,0.0,0.259,4,@CBS
0.0,Wed Jun 27 20:31:32 +0000 2018,1.0,0.0,0.0,5,@CBS
0.7574,Wed Jun 27 14:00:01 +0000 2018,0.711,0.0,0.289,6,@CBS
0.5574,Mon Jun 25 18:20:25 +0000 2018,0.796,0.0,0.204,7,@CBS
0.1867,Fri Jun 22 21:19:06 +0000 2018,0.902,0.0,0.098,8,@CBS
0.4199,Fri Jun 22 18:33:53 +0000 2018,0.811,0.0,0.189,9,@CBS
0.4926,Thu Jun 21 23:29:50 +0000 2018,0.803,0.0,0.197,10,@CBS
0.3555,Wed Jun 20 00:39:01 +0000 2018,0.68,0.122,0.199,11,@CBS
0.0,Mon Jun 18 20:27:50 +0000 2018,1.0,0.0,0.0,12,@CBS
0.0,Mon Jun 18 15:00:46 +0000 2018,1.0,0.0,0.0,13,@CBS
0.9392,Sun Jun 17 13:00:01 +0000 2018,0.507,0.0,0.493,14,@CBS
0.3595,Fri Jun 15 18:48:29 +0000 2018,0.872,0.0,0.128,15,@CBS
-0.296,Thu Jun 14 17:30:00 +0000 2018,0.833,0.167,0.0,16,@CBS
0.1779,Thu Jun 14 16:19:32 +0000 2018,0.734,0.12,0.147,17,@CBS
-0.5562,Tue Jun 12 00:19:23 +0000 2018,0.551,0.315,0.134,18,@CBS
0.5093,Mon Jun 11 22:23:06 +0000 2018,0.829,0.0,0.171,19,@CBS
-0.296,Mon Jun 11 19:01:38 +0000 2018,0.833,0.167,0.0,20,@CBS
0.0,Mon Jun 11 14:00:37 +0000 2018,1.0,0.0,0.0,21,@CBS
0.0,Mon Jun 11 06:19:36 +0000 2018,1.0,0.0,0.0,22,@CBS
0.4767,Mon Jun 11 06:04:41 +0000 2018,0.78,0.0,0.22,23,@CBS
0.8478,Mon Jun 11 03:10:33 +0000 2018,0.594,0.0,0.406,24,@CBS
0.92,Mon Jun 11 03:02:06 +0000 2018,0.537,0.0,0.463,25,@CBS
0.4404,Mon Jun 11 02:58:30 +0000 2018,0.737,0.088,0.175,26,@CBS
0.4404,Mon Jun 11 02:56:40 +0000 2018,0.847,0.0,0.153,27,@CBS
0.836,Mon Jun 11 02:56:10 +0000 2018,0.533,0.0,0.467,28,@CBS
0.0,Mon Jun 11 02:53:00 +0000 2018,1.0,0.0,0.0,29,@CBS
0.6369,Mon Jun 11 02:47:29 +0000 2018,0.682,0.0,0.318,30,@CBS
0.7978,Mon Jun 11 02:44:50 +0000 2018,0.457,0.0,0.543,31,@CBS
0.9523,Mon Jun 11 02:44:37 +0000 2018,0.484,0.0,0.516,32,@CBS
0.5994,Mon Jun 11 02:33:09 +0000 2018,0.698,0.0,0.302,33,@CBS
0.4215,Mon Jun 11 02:29:18 +0000 2018,0.877,0.0,0.123,34,@CBS
0.8932,Mon Jun 11 02:23:56 +0000 2018,0.483,0.0,0.517,35,@CBS
0.0,Mon Jun 11 02:21:03 +0000 2018,1.0,0.0,0.0,36,@CBS
0.0,Mon Jun 11 02:16:06 +0000 2018,1.0,0.0,0.0,37,@CBS
0.8908,Mon Jun 11 02:11:03 +0000 2018,0.509,0.0,0.491,38,@CBS
0.0,Mon Jun 11 02:05:47 +0000 2018,1.0,0.0,0.0,39,@CBS
0.4926,Mon Jun 11 02:03:31 +0000 2018,0.738,0.0,0.262,40,@CBS
0.5093,Mon Jun 11 01:58:48 +0000 2018,0.477,0.0,0.523,41,@CBS
0.7579,Mon Jun 11 01:53:17 +0000 2018,0.519,0.0,0.481,42,@CBS
0.6467,Mon Jun 11 01:51:16 +0000 2018,0.752,0.0,0.248,43,@CBS
0.0,Mon Jun 11 01:38:23 +0000 2018,1.0,0.0,0.0,44,@CBS
0.636,Mon Jun 11 01:37:36 +0000 2018,0.724,0.0,0.276,45,@CBS
0.8834,Mon Jun 11 01:30:56 +0000 2018,0.437,0.0,0.563,46,@CBS
0.0,Mon Jun 11 01:29:21 +0000 2018,1.0,0.0,0.0,47,@CBS
0.7351,Mon Jun 11 01:26:03 +0000 2018,0.625,0.079,0.296,48,@CBS
0.0,Mon Jun 11 01:25:59 +0000 2018,1.0,0.0,0.0,49,@CBS
0.0,Mon Jun 11 01:24:46 +0000 2018,1.0,0.0,0.0,50,@CBS
0.4019,Mon Jun 11 01:24:12 +0000 2018,0.838,0.0,0.162,51,@CBS
0.9151,Mon Jun 11 01:19:59 +0000 2018,0.543,0.0,0.457,52,@CBS
0.6369,Mon Jun 11 01:12:31 +0000 2018,0.625,0.0,0.375,53,@CBS
0.1511,Mon Jun 11 01:08:28 +0000 2018,0.898,0.0,0.102,54,@CBS
0.1531,Mon Jun 11 01:08:24 +0000 2018,0.852,0.0,0.148,55,@CBS
0.8834,Mon Jun 11 01:02:47 +0000 2018,0.437,0.0,0.563,56,@CBS
0.0,Mon Jun 11 00:58:06 +0000 2018,1.0,0.0,0.0,57,@CBS
0.2714,Mon Jun 11 00:52:34 +0000 2018,0.793,0.0,0.207,58,@CBS
0.0,Mon Jun 11 00:51:11 +0000 2018,1.0,0.0,0.0,59,@CBS
0.8883,Mon Jun 11 00:50:18 +0000 2018,0.433,0.0,0.567,60,@CBS
0.9134,Mon Jun 11 00:45:14 +0000 2018,0.387,0.0,0.613,61,@CBS
0.0,Mon Jun 11 00:44:36 +0000 2018,1.0,0.0,0.0,62,@CBS
0.25,Mon Jun 11 00:35:41 +0000 2018,0.92,0.0,0.08,63,@CBS
0.4588,Mon Jun 11 00:34:45 +0000 2018,0.85,0.0,0.15,64,@CBS
0.0,Mon Jun 11 00:31:28 +0000 2018,1.0,0.0,0.0,65,@CBS
0.3612,Mon Jun 11 00:27:42 +0000 2018,0.737,0.0,0.263,66,@CBS
0.8908,Mon Jun 11 00:27:00 +0000 2018,0.43,0.0,0.57,67,@CBS
0.0,Mon Jun 11 00:24:31 +0000 2018,1.0,0.0,0.0,68,@CBS
0.0,Mon Jun 11 00:22:15 +0000 2018,1.0,0.0,0.0,69,@CBS
0.6369,Mon Jun 11 00:22:15 +0000 2018,0.588,0.0,0.412,70,@CBS
0.0,Mon Jun 11 00:18:16 +0000 2018,1.0,0.0,0.0,71,@CBS
0.6369,Mon Jun 11 00:13:27 +0000 2018,0.756,0.0,0.244,72,@CBS
0.8834,Mon Jun 11 00:12:31 +0000 2018,0.437,0.0,0.563,73,@CBS
0.6696,Mon Jun 11 00:06:39 +0000 2018,0.64,0.0,0.36,74,@CBS
0.3182,Mon Jun 11 00:04:15 +0000 2018,0.85,0.0,0.15,75,@CBS
0.0,Sun Jun 10 23:59:00 +0000 2018,1.0,0.0,0.0,76,@CBS
0.4374,Sun Jun 10 23:18:15 +0000 2018,0.855,0.0,0.145,77,@CBS
0.0,Sun Jun 10 22:01:25 +0000 2018,1.0,0.0,0.0,78,@CBS
0.4184,Sun Jun 10 15:00:01 +0000 2018,0.843,0.0,0.157,79,@CBS
0.68,Sat Jun 09 21:00:02 +0000 2018,0.763,0.0,0.237,80,@CBS
0.0,Sat Jun 09 16:00:00 +0000 2018,1.0,0.0,0.0,81,@CBS
0.296,Fri Jun 08 19:46:17 +0000 2018,0.82,0.0,0.18,82,@CBS
0.0,Fri Jun 08 15:00:03 +0000 2018,1.0,0.0,0.0,83,@CBS
0.9078,Fri Jun 08 13:58:15 +0000 2018,0.564,0.0,0.436,84,@CBS
0.3612,Thu Jun 07 17:03:26 +0000 2018,0.872,0.0,0.128,85,@CBS
0.2732,Wed Jun 06 21:00:24 +0000 2018,0.719,0.105,0.176,86,@CBS
0.3595,Wed Jun 06 00:08:30 +0000 2018,0.872,0.0,0.128,87,@CBS
-0.4404,Tue Jun 05 22:23:35 +0000 2018,0.723,0.177,0.1,88,@CBS
0.4574,Tue Jun 05 22:12:28 +0000 2018,0.824,0.0,0.176,89,@CBS
0.5093,Tue Jun 05 19:00:02 +0000 2018,0.845,0.0,0.155,90,@CBS
0.0,Tue Jun 05 15:04:41 +0000 2018,1.0,0.0,0.0,91,@CBS
0.0,Mon Jun 04 17:00:00 +0000 2018,1.0,0.0,0.0,92,@CBS
-0.3903,Fri Jun 01 17:39:17 +0000 2018,0.807,0.131,0.062,93,@CBS
0.8442,Fri Jun 01 17:00:03 +0000 2018,0.664,0.0,0.336,94,@CBS
0.8932,Thu May 31 23:50:00 +0000 2018,0.545,0.0,0.455,95,@CBS
0.4926,Wed May 30 15:07:34 +0000 2018,0.849,0.0,0.151,96,@CBS
0.0,Mon May 28 21:00:01 +0000 2018,1.0,0.0,0.0,97,@CBS
0.0,Mon May 28 02:08:19 +0000 2018,1.0,0.0,0.0,98,@CBS
0.6239,Wed May 23 23:07:38 +0000 2018,0.797,0.0,0.203,99,@CBS
0.5859,Wed May 23 19:02:43 +0000 2018,0.826,0.0,0.174,100,@CBS
0.0,Thu Jul 05 04:46:00 +0000 2018,1.0,0.0,0.0,1,@CNN
0.4019,Thu Jul 05 04:31:01 +0000 2018,0.891,0.0,0.109,2,@CNN
0.4215,Thu Jul 05 04:16:01 +0000 2018,0.843,0.0,0.157,3,@CNN
0.7003,Thu Jul 05 04:01:03 +0000 2018,0.734,0.0,0.266,4,@CNN
-0.6597,Thu Jul 05 03:47:38 +0000 2018,0.533,0.323,0.143,5,@CNN
0.0,Thu Jul 05 03:46:05 +0000 2018,1.0,0.0,0.0,6,@CNN
-0.4404,Thu Jul 05 03:36:06 +0000 2018,0.854,0.146,0.0,7,@CNN
0.0,Thu Jul 05 03:29:07 +0000 2018,1.0,0.0,0.0,8,@CNN
0.5859,Thu Jul 05 03:22:04 +0000 2018,0.826,0.0,0.174,9,@CNN
-0.5106,Thu Jul 05 03:15:09 +0000 2018,0.852,0.148,0.0,10,@CNN
0.0,Thu Jul 05 03:08:00 +0000 2018,1.0,0.0,0.0,11,@CNN
0.2023,Thu Jul 05 03:01:06 +0000 2018,0.904,0.0,0.096,12,@CNN
-0.7351,Thu Jul 05 02:57:21 +0000 2018,0.721,0.279,0.0,13,@CNN
0.0,Thu Jul 05 02:54:56 +0000 2018,1.0,0.0,0.0,14,@CNN
-0.296,Thu Jul 05 02:52:50 +0000 2018,0.891,0.109,0.0,15,@CNN
0.3736,Thu Jul 05 02:45:17 +0000 2018,0.749,0.095,0.156,16,@CNN
0.2235,Thu Jul 05 02:31:04 +0000 2018,0.905,0.0,0.095,17,@CNN
-0.2263,Thu Jul 05 02:16:05 +0000 2018,0.567,0.235,0.198,18,@CNN
0.9468,Thu Jul 05 02:01:02 +0000 2018,0.509,0.0,0.491,19,@CNN
0.0,Thu Jul 05 01:51:41 +0000 2018,1.0,0.0,0.0,20,@CNN
-0.5574,Thu Jul 05 01:41:04 +0000 2018,0.841,0.159,0.0,21,@CNN
0.4215,Thu Jul 05 01:31:00 +0000 2018,0.826,0.0,0.174,22,@CNN
0.0,Thu Jul 05 01:26:03 +0000 2018,1.0,0.0,0.0,23,@CNN
0.0,Thu Jul 05 01:22:03 +0000 2018,1.0,0.0,0.0,24,@CNN
-0.7351,Thu Jul 05 01:16:02 +0000 2018,0.763,0.237,0.0,25,@CNN
0.2006,Thu Jul 05 01:10:00 +0000 2018,0.778,0.096,0.126,26,@CNN
0.0,Thu Jul 05 01:01:00 +0000 2018,1.0,0.0,0.0,27,@CNN
-0.4215,Thu Jul 05 00:46:00 +0000 2018,0.865,0.135,0.0,28,@CNN
0.0,Thu Jul 05 00:42:31 +0000 2018,1.0,0.0,0.0,29,@CNN
0.2023,Thu Jul 05 00:37:38 +0000 2018,0.814,0.078,0.109,30,@CNN
0.4215,Thu Jul 05 00:31:00 +0000 2018,0.798,0.0,0.202,31,@CNN
0.34,Thu Jul 05 00:21:00 +0000 2018,0.826,0.057,0.117,32,@CNN
0.357,Thu Jul 05 00:15:37 +0000 2018,0.899,0.0,0.101,33,@CNN
0.0,Thu Jul 05 00:11:11 +0000 2018,1.0,0.0,0.0,34,@CNN
0.0,Thu Jul 05 00:10:21 +0000 2018,1.0,0.0,0.0,35,@CNN
0.0,Wed Jul 04 23:57:39 +0000 2018,1.0,0.0,0.0,36,@CNN
0.1531,Wed Jul 04 23:46:26 +0000 2018,0.792,0.092,0.117,37,@CNN
0.0,Wed Jul 04 23:29:44 +0000 2018,1.0,0.0,0.0,38,@CNN
-0.5574,Wed Jul 04 23:17:45 +0000 2018,0.825,0.175,0.0,39,@CNN
0.34,Wed Jul 04 23:03:57 +0000 2018,0.779,0.082,0.139,40,@CNN
0.0,Wed Jul 04 23:01:08 +0000 2018,1.0,0.0,0.0,41,@CNN
0.2732,Wed Jul 04 22:57:10 +0000 2018,0.643,0.137,0.221,42,@CNN
0.2023,Wed Jul 04 22:41:07 +0000 2018,0.909,0.0,0.091,43,@CNN
0.5267,Wed Jul 04 22:40:48 +0000 2018,0.815,0.0,0.185,44,@CNN
-0.5267,Wed Jul 04 22:32:19 +0000 2018,0.866,0.134,0.0,45,@CNN
-0.1027,Wed Jul 04 22:14:26 +0000 2018,0.782,0.116,0.102,46,@CNN
0.1531,Wed Jul 04 22:06:07 +0000 2018,0.729,0.12,0.151,47,@CNN
-0.6249,Wed Jul 04 21:56:04 +0000 2018,0.638,0.362,0.0,48,@CNN
0.7003,Wed Jul 04 21:46:05 +0000 2018,0.734,0.0,0.266,49,@CNN
-0.5267,Wed Jul 04 21:41:12 +0000 2018,0.812,0.188,0.0,50,@CNN
-0.0772,Wed Jul 04 21:37:37 +0000 2018,0.939,0.061,0.0,51,@CNN
-0.3612,Wed Jul 04 21:36:03 +0000 2018,0.872,0.128,0.0,52,@CNN
0.0,Wed Jul 04 21:26:07 +0000 2018,1.0,0.0,0.0,53,@CNN
-0.7351,Wed Jul 04 21:16:04 +0000 2018,0.763,0.237,0.0,54,@CNN
0.0,Wed Jul 04 21:15:58 +0000 2018,1.0,0.0,0.0,55,@CNN
-0.5994,Wed Jul 04 21:04:34 +0000 2018,0.849,0.151,0.0,56,@CNN
0.1027,Wed Jul 04 21:01:25 +0000 2018,0.92,0.0,0.08,57,@CNN
0.0,Wed Jul 04 20:57:04 +0000 2018,1.0,0.0,0.0,58,@CNN
0.7783,Wed Jul 04 20:42:52 +0000 2018,0.714,0.0,0.286,59,@CNN
0.0,Wed Jul 04 20:31:00 +0000 2018,1.0,0.0,0.0,60,@CNN
0.2235,Wed Jul 04 20:21:07 +0000 2018,0.905,0.0,0.095,61,@CNN
0.3612,Wed Jul 04 20:16:00 +0000 2018,0.894,0.0,0.106,62,@CNN
0.9468,Wed Jul 04 20:11:03 +0000 2018,0.509,0.0,0.491,63,@CNN
0.0,Wed Jul 04 20:01:18 +0000 2018,1.0,0.0,0.0,64,@CNN
-0.296,Wed Jul 04 19:55:01 +0000 2018,0.901,0.099,0.0,65,@CNN
0.3612,Wed Jul 04 19:54:13 +0000 2018,0.902,0.0,0.098,66,@CNN
-0.2263,Wed Jul 04 19:48:06 +0000 2018,0.567,0.235,0.198,67,@CNN
0.4767,Wed Jul 04 19:46:55 +0000 2018,0.89,0.0,0.11,68,@CNN
0.0,Wed Jul 04 19:45:10 +0000 2018,1.0,0.0,0.0,69,@CNN
0.0,Wed Jul 04 19:41:40 +0000 2018,1.0,0.0,0.0,70,@CNN
0.0,Wed Jul 04 19:39:49 +0000 2018,1.0,0.0,0.0,71,@CNN
-0.6369,Wed Jul 04 19:25:56 +0000 2018,0.819,0.181,0.0,72,@CNN
-0.5106,Wed Jul 04 19:24:26 +0000 2018,0.852,0.148,0.0,73,@CNN
0.2023,Wed Jul 04 19:13:16 +0000 2018,0.904,0.0,0.096,74,@CNN
0.7096,Wed Jul 04 19:06:20 +0000 2018,0.718,0.0,0.282,75,@CNN
0.0,Wed Jul 04 18:51:02 +0000 2018,1.0,0.0,0.0,76,@CNN
0.0,Wed Jul 04 18:50:00 +0000 2018,1.0,0.0,0.0,77,@CNN
0.2006,Wed Jul 04 18:40:00 +0000 2018,0.778,0.096,0.126,78,@CNN
0.0,Wed Jul 04 18:39:38 +0000 2018,1.0,0.0,0.0,79,@CNN
0.0,Wed Jul 04 18:20:06 +0000 2018,1.0,0.0,0.0,80,@CNN
-0.926,Wed Jul 04 18:10:09 +0000 2018,0.471,0.529,0.0,81,@CNN
0.0,Wed Jul 04 18:00:06 +0000 2018,1.0,0.0,0.0,82,@CNN
0.0,Wed Jul 04 17:50:00 +0000 2018,1.0,0.0,0.0,83,@CNN
0.0,Wed Jul 04 17:40:08 +0000 2018,1.0,0.0,0.0,84,@CNN
0.5267,Wed Jul 04 17:30:00 +0000 2018,0.793,0.0,0.207,85,@CNN
0.0,Wed Jul 04 17:20:06 +0000 2018,1.0,0.0,0.0,86,@CNN
0.0,Wed Jul 04 17:10:06 +0000 2018,1.0,0.0,0.0,87,@CNN
0.0,Wed Jul 04 17:10:05 +0000 2018,1.0,0.0,0.0,88,@CNN
-0.6808,Wed Jul 04 17:07:07 +0000 2018,0.763,0.237,0.0,89,@CNN
0.4215,Wed Jul 04 16:50:00 +0000 2018,0.843,0.0,0.157,90,@CNN
-0.8885,Wed Jul 04 16:49:11 +0000 2018,0.708,0.292,0.0,91,@CNN
0.6808,Wed Jul 04 16:41:25 +0000 2018,0.763,0.0,0.237,92,@CNN
0.4019,Wed Jul 04 16:26:00 +0000 2018,0.891,0.0,0.109,93,@CNN
-0.3612,Wed Jul 04 16:13:20 +0000 2018,0.857,0.143,0.0,94,@CNN
0.5423,Wed Jul 04 15:59:52 +0000 2018,0.743,0.0,0.257,95,@CNN
0.0,Wed Jul 04 15:50:02 +0000 2018,1.0,0.0,0.0,96,@CNN
-0.5267,Wed Jul 04 15:43:22 +0000 2018,0.871,0.129,0.0,97,@CNN
0.0,Wed Jul 04 15:41:33 +0000 2018,1.0,0.0,0.0,98,@CNN
-0.6486,Wed Jul 04 15:31:06 +0000 2018,0.815,0.185,0.0,99,@CNN
0.0,Wed Jul 04 15:21:05 +0000 2018,1.0,0.0,0.0,100,@CNN
0.8074,Thu Jul 05 04:40:00 +0000 2018,0.546,0.0,0.454,1,@FoxNews
0.5267,Thu Jul 05 04:37:00 +0000 2018,0.825,0.0,0.175,2,@FoxNews
0.0,Thu Jul 05 04:26:00 +0000 2018,1.0,0.0,0.0,3,@FoxNews
0.8689,Thu Jul 05 03:59:00 +0000 2018,0.605,0.0,0.395,4,@FoxNews
0.5719,Thu Jul 05 03:55:00 +0000 2018,0.73,0.0,0.27,5,@FoxNews
0.5719,Thu Jul 05 03:50:00 +0000 2018,0.73,0.0,0.27,6,@FoxNews
0.0,Thu Jul 05 03:45:00 +0000 2018,1.0,0.0,0.0,7,@FoxNews
0.296,Thu Jul 05 03:39:00 +0000 2018,0.896,0.0,0.104,8,@FoxNews
0.5719,Thu Jul 05 03:38:00 +0000 2018,0.748,0.0,0.252,9,@FoxNews
0.8689,Thu Jul 05 03:33:00 +0000 2018,0.605,0.0,0.395,10,@FoxNews
0.5719,Thu Jul 05 03:20:00 +0000 2018,0.748,0.0,0.252,11,@FoxNews
0.0,Thu Jul 05 03:07:00 +0000 2018,1.0,0.0,0.0,12,@FoxNews
0.2023,Thu Jul 05 02:59:00 +0000 2018,0.913,0.0,0.087,13,@FoxNews
-0.8442,Thu Jul 05 02:57:00 +0000 2018,0.664,0.336,0.0,14,@FoxNews
0.0,Thu Jul 05 02:49:18 +0000 2018,1.0,0.0,0.0,15,@FoxNews
0.5719,Thu Jul 05 02:45:35 +0000 2018,0.73,0.0,0.27,16,@FoxNews
0.0,Thu Jul 05 02:45:00 +0000 2018,1.0,0.0,0.0,17,@FoxNews
0.0,Thu Jul 05 02:43:00 +0000 2018,1.0,0.0,0.0,18,@FoxNews
0.0,Thu Jul 05 02:25:22 +0000 2018,1.0,0.0,0.0,19,@FoxNews
0.6739,Thu Jul 05 02:22:00 +0000 2018,0.807,0.0,0.193,20,@FoxNews
-0.1531,Thu Jul 05 02:15:35 +0000 2018,0.897,0.103,0.0,21,@FoxNews
0.7118,Thu Jul 05 02:15:31 +0000 2018,0.765,0.0,0.235,22,@FoxNews
0.9062,Thu Jul 05 02:10:04 +0000 2018,0.549,0.0,0.451,23,@FoxNews
0.0,Thu Jul 05 02:04:00 +0000 2018,1.0,0.0,0.0,24,@FoxNews
0.0,Thu Jul 05 02:00:00 +0000 2018,1.0,0.0,0.0,25,@FoxNews
-0.5719,Thu Jul 05 01:50:41 +0000 2018,0.68,0.32,0.0,26,@FoxNews
0.9062,Thu Jul 05 01:45:02 +0000 2018,0.549,0.0,0.451,27,@FoxNews
0.7579,Thu Jul 05 01:28:44 +0000 2018,0.497,0.072,0.431,28,@FoxNews
0.8591,Thu Jul 05 01:23:53 +0000 2018,0.513,0.0,0.487,29,@FoxNews
0.5267,Thu Jul 05 01:07:06 +0000 2018,0.746,0.0,0.254,30,@FoxNews
0.0772,Thu Jul 05 01:01:24 +0000 2018,0.92,0.0,0.08,31,@FoxNews
0.0,Thu Jul 05 00:48:14 +0000 2018,1.0,0.0,0.0,32,@FoxNews
0.5574,Thu Jul 05 00:46:32 +0000 2018,0.769,0.0,0.231,33,@FoxNews
0.4939,Thu Jul 05 00:27:40 +0000 2018,0.631,0.107,0.262,34,@FoxNews
0.0,Thu Jul 05 00:24:22 +0000 2018,1.0,0.0,0.0,35,@FoxNews
0.0,Thu Jul 05 00:17:36 +0000 2018,1.0,0.0,0.0,36,@FoxNews
0.3446,Thu Jul 05 00:16:22 +0000 2018,0.861,0.0,0.139,37,@FoxNews
0.8689,Thu Jul 05 00:13:47 +0000 2018,0.605,0.0,0.395,38,@FoxNews
0.0,Wed Jul 04 23:52:13 +0000 2018,1.0,0.0,0.0,39,@FoxNews
0.91,Wed Jul 04 23:47:51 +0000 2018,0.545,0.0,0.455,40,@FoxNews
0.5719,Wed Jul 04 23:40:46 +0000 2018,0.73,0.0,0.27,41,@FoxNews
0.0,Wed Jul 04 23:37:36 +0000 2018,1.0,0.0,0.0,42,@FoxNews
0.0,Wed Jul 04 23:31:12 +0000 2018,1.0,0.0,0.0,43,@FoxNews
0.0,Wed Jul 04 23:25:00 +0000 2018,1.0,0.0,0.0,44,@FoxNews
0.3612,Wed Jul 04 23:24:22 +0000 2018,0.654,0.124,0.222,45,@FoxNews
0.4215,Wed Jul 04 23:18:14 +0000 2018,0.797,0.0,0.203,46,@FoxNews
-0.34,Wed Jul 04 23:15:59 +0000 2018,0.862,0.138,0.0,47,@FoxNews
0.0,Wed Jul 04 23:07:00 +0000 2018,1.0,0.0,0.0,48,@FoxNews
0.4939,Wed Jul 04 23:03:48 +0000 2018,0.849,0.0,0.151,49,@FoxNews
0.0,Wed Jul 04 23:00:00 +0000 2018,1.0,0.0,0.0,50,@FoxNews
0.5719,Wed Jul 04 22:53:00 +0000 2018,0.778,0.0,0.222,51,@FoxNews
0.4019,Wed Jul 04 22:50:53 +0000 2018,0.619,0.0,0.381,52,@FoxNews
0.5267,Wed Jul 04 22:39:55 +0000 2018,0.779,0.0,0.221,53,@FoxNews
0.7096,Wed Jul 04 22:32:30 +0000 2018,0.753,0.0,0.247,54,@FoxNews
0.5267,Wed Jul 04 22:30:44 +0000 2018,0.726,0.0,0.274,55,@FoxNews
0.0,Wed Jul 04 22:26:48 +0000 2018,1.0,0.0,0.0,56,@FoxNews
0.6114,Wed Jul 04 22:24:00 +0000 2018,0.715,0.0,0.285,57,@FoxNews
0.8074,Wed Jul 04 22:22:00 +0000 2018,0.696,0.0,0.304,58,@FoxNews
0.0,Wed Jul 04 22:19:23 +0000 2018,1.0,0.0,0.0,59,@FoxNews
-0.4939,Wed Jul 04 22:18:57 +0000 2018,0.802,0.198,0.0,60,@FoxNews
0.7603,Wed Jul 04 22:07:44 +0000 2018,0.579,0.0,0.421,61,@FoxNews
0.3612,Wed Jul 04 22:02:48 +0000 2018,0.569,0.154,0.276,62,@FoxNews
0.5719,Wed Jul 04 21:50:57 +0000 2018,0.844,0.0,0.156,63,@FoxNews
0.8689,Wed Jul 04 21:48:44 +0000 2018,0.605,0.0,0.395,64,@FoxNews
0.2732,Wed Jul 04 21:40:10 +0000 2018,0.812,0.066,0.122,65,@FoxNews
0.34,Wed Jul 04 21:33:12 +0000 2018,0.759,0.089,0.152,66,@FoxNews
0.5267,Wed Jul 04 21:32:46 +0000 2018,0.825,0.0,0.175,67,@FoxNews
0.9716,Wed Jul 04 21:25:35 +0000 2018,0.306,0.0,0.694,68,@FoxNews
0.3384,Wed Jul 04 21:24:00 +0000 2018,0.807,0.0,0.193,69,@FoxNews
0.7096,Wed Jul 04 21:23:00 +0000 2018,0.772,0.0,0.228,70,@FoxNews
0.5267,Wed Jul 04 21:21:38 +0000 2018,0.815,0.0,0.185,71,@FoxNews
0.0,Wed Jul 04 21:20:52 +0000 2018,1.0,0.0,0.0,72,@FoxNews
0.9246,Wed Jul 04 21:19:02 +0000 2018,0.492,0.0,0.508,73,@FoxNews
0.0,Wed Jul 04 21:18:04 +0000 2018,1.0,0.0,0.0,74,@FoxNews
-0.128,Wed Jul 04 21:07:46 +0000 2018,0.88,0.12,0.0,75,@FoxNews
0.0,Wed Jul 04 20:57:09 +0000 2018,1.0,0.0,0.0,76,@FoxNews
0.9062,Wed Jul 04 20:51:09 +0000 2018,0.549,0.0,0.451,77,@FoxNews
0.0,Wed Jul 04 20:49:06 +0000 2018,1.0,0.0,0.0,78,@FoxNews
0.9062,Wed Jul 04 20:47:46 +0000 2018,0.549,0.0,0.451,79,@FoxNews
0.9062,Wed Jul 04 20:42:57 +0000 2018,0.549,0.0,0.451,80,@FoxNews
0.9062,Wed Jul 04 20:37:02 +0000 2018,0.549,0.0,0.451,81,@FoxNews
0.4404,Wed Jul 04 20:22:07 +0000 2018,0.791,0.0,0.209,82,@FoxNews
-0.4767,Wed Jul 04 20:12:50 +0000 2018,0.721,0.279,0.0,83,@FoxNews
0.5719,Wed Jul 04 20:07:38 +0000 2018,0.709,0.0,0.291,84,@FoxNews
-0.8442,Wed Jul 04 20:00:00 +0000 2018,0.664,0.336,0.0,85,@FoxNews
0.0,Wed Jul 04 19:59:53 +0000 2018,1.0,0.0,0.0,86,@FoxNews
0.6486,Wed Jul 04 19:59:00 +0000 2018,0.751,0.0,0.249,87,@FoxNews
-0.296,Wed Jul 04 19:56:56 +0000 2018,0.833,0.167,0.0,88,@FoxNews
0.4939,Wed Jul 04 19:54:48 +0000 2018,0.824,0.0,0.176,89,@FoxNews
0.5719,Wed Jul 04 19:45:25 +0000 2018,0.73,0.0,0.27,90,@FoxNews
0.0,Wed Jul 04 19:36:05 +0000 2018,1.0,0.0,0.0,91,@FoxNews
0.8074,Wed Jul 04 19:34:02 +0000 2018,0.546,0.0,0.454,92,@FoxNews
0.8436,Wed Jul 04 19:30:47 +0000 2018,0.664,0.0,0.336,93,@FoxNews
0.5719,Wed Jul 04 19:30:00 +0000 2018,0.748,0.0,0.252,94,@FoxNews
0.4939,Wed Jul 04 19:28:00 +0000 2018,0.842,0.0,0.158,95,@FoxNews
0.0,Wed Jul 04 19:21:40 +0000 2018,1.0,0.0,0.0,96,@FoxNews
0.0,Wed Jul 04 19:14:46 +0000 2018,1.0,0.0,0.0,97,@FoxNews
0.0,Wed Jul 04 19:08:00 +0000 2018,1.0,0.0,0.0,98,@FoxNews
0.34,Wed Jul 04 19:05:00 +0000 2018,0.821,0.0,0.179,99,@FoxNews
0.5719,Wed Jul 04 18:55:00 +0000 2018,0.73,0.0,0.27,100,@FoxNews
-0.4404,Thu Jul 05 04:43:49 +0000 2018,0.854,0.146,0.0,1,@NYTimes
-0.8225,Thu Jul 05 04:27:26 +0000 2018,0.511,0.489,0.0,2,@NYTimes
-0.8271,Thu Jul 05 04:09:50 +0000 2018,0.51,0.49,0.0,3,@NYTimes
0.6369,Thu Jul 05 03:55:54 +0000 2018,0.704,0.0,0.296,4,@NYTimes
0.3612,Thu Jul 05 03:39:10 +0000 2018,0.762,0.0,0.238,5,@NYTimes
0.0,Thu Jul 05 03:21:08 +0000 2018,1.0,0.0,0.0,6,@NYTimes
-0.7184,Thu Jul 05 03:01:05 +0000 2018,0.727,0.273,0.0,7,@NYTimes
-0.4588,Thu Jul 05 02:42:05 +0000 2018,0.87,0.13,0.0,8,@NYTimes
0.0,Thu Jul 05 02:25:51 +0000 2018,1.0,0.0,0.0,9,@NYTimes
0.2144,Thu Jul 05 02:09:19 +0000 2018,0.89,0.0,0.11,10,@NYTimes
0.0,Thu Jul 05 01:52:47 +0000 2018,1.0,0.0,0.0,11,@NYTimes
0.0,Thu Jul 05 01:52:08 +0000 2018,1.0,0.0,0.0,12,@NYTimes
-0.2732,Thu Jul 05 01:33:48 +0000 2018,0.913,0.087,0.0,13,@NYTimes
0.4404,Thu Jul 05 01:17:02 +0000 2018,0.873,0.0,0.127,14,@NYTimes
-0.7845,Thu Jul 05 00:59:10 +0000 2018,0.615,0.385,0.0,15,@NYTimes
0.2263,Thu Jul 05 00:45:42 +0000 2018,0.881,0.0,0.119,16,@NYTimes
0.0,Thu Jul 05 00:26:44 +0000 2018,1.0,0.0,0.0,17,@NYTimes
0.0,Thu Jul 05 00:09:22 +0000 2018,1.0,0.0,0.0,18,@NYTimes
-0.4767,Wed Jul 04 23:58:16 +0000 2018,0.866,0.134,0.0,19,@NYTimes
0.0,Wed Jul 04 23:42:12 +0000 2018,1.0,0.0,0.0,20,@NYTimes
0.0,Wed Jul 04 23:34:38 +0000 2018,1.0,0.0,0.0,21,@NYTimes
0.5719,Wed Jul 04 23:15:14 +0000 2018,0.68,0.0,0.32,22,@NYTimes
0.0,Wed Jul 04 23:03:38 +0000 2018,1.0,0.0,0.0,23,@NYTimes
0.0,Wed Jul 04 22:50:46 +0000 2018,1.0,0.0,0.0,24,@NYTimes
0.0,Wed Jul 04 22:31:06 +0000 2018,1.0,0.0,0.0,25,@NYTimes
0.4062,Wed Jul 04 22:01:28 +0000 2018,0.72,0.0,0.28,26,@NYTimes
0.0,Wed Jul 04 21:46:28 +0000 2018,1.0,0.0,0.0,27,@NYTimes
0.4939,Wed Jul 04 21:28:19 +0000 2018,0.802,0.0,0.198,28,@NYTimes
0.4754,Wed Jul 04 21:15:06 +0000 2018,0.781,0.0,0.219,29,@NYTimes
0.5707,Wed Jul 04 21:04:06 +0000 2018,0.817,0.0,0.183,30,@NYTimes
-0.9081,Wed Jul 04 20:54:03 +0000 2018,0.568,0.432,0.0,31,@NYTimes
0.0,Wed Jul 04 20:45:04 +0000 2018,1.0,0.0,0.0,32,@NYTimes
0.0,Wed Jul 04 20:30:41 +0000 2018,1.0,0.0,0.0,33,@NYTimes
0.4404,Wed Jul 04 20:14:03 +0000 2018,0.83,0.0,0.17,34,@NYTimes
-0.4767,Wed Jul 04 20:00:06 +0000 2018,0.837,0.163,0.0,35,@NYTimes
0.296,Wed Jul 04 19:45:04 +0000 2018,0.652,0.17,0.178,36,@NYTimes
0.0,Wed Jul 04 19:30:04 +0000 2018,1.0,0.0,0.0,37,@NYTimes
0.296,Wed Jul 04 19:27:47 +0000 2018,0.775,0.092,0.134,38,@NYTimes
-0.1182,Wed Jul 04 19:15:07 +0000 2018,0.907,0.093,0.0,39,@NYTimes
0.0772,Wed Jul 04 19:00:05 +0000 2018,0.743,0.12,0.137,40,@NYTimes
0.0,Wed Jul 04 18:43:07 +0000 2018,1.0,0.0,0.0,41,@NYTimes
0.4019,Wed Jul 04 18:32:05 +0000 2018,0.828,0.0,0.172,42,@NYTimes
0.0,Wed Jul 04 18:14:02 +0000 2018,1.0,0.0,0.0,43,@NYTimes
-0.6705,Wed Jul 04 18:01:05 +0000 2018,0.8,0.2,0.0,44,@NYTimes
0.0,Wed Jul 04 17:44:03 +0000 2018,1.0,0.0,0.0,45,@NYTimes
0.0,Wed Jul 04 17:31:08 +0000 2018,1.0,0.0,0.0,46,@NYTimes
0.0,Wed Jul 04 17:15:11 +0000 2018,1.0,0.0,0.0,47,@NYTimes
0.6705,Wed Jul 04 17:00:06 +0000 2018,0.744,0.0,0.256,48,@NYTimes
-0.296,Wed Jul 04 16:45:07 +0000 2018,0.901,0.099,0.0,49,@NYTimes
-0.7184,Wed Jul 04 16:31:03 +0000 2018,0.7,0.3,0.0,50,@NYTimes
-0.6705,Wed Jul 04 16:14:05 +0000 2018,0.8,0.2,0.0,51,@NYTimes
0.0,Wed Jul 04 16:05:03 +0000 2018,1.0,0.0,0.0,52,@NYTimes
0.34,Wed Jul 04 15:45:05 +0000 2018,0.888,0.0,0.112,53,@NYTimes
-0.296,Wed Jul 04 15:29:00 +0000 2018,0.808,0.126,0.066,54,@NYTimes
0.7184,Wed Jul 04 15:15:08 +0000 2018,0.76,0.0,0.24,55,@NYTimes
0.4404,Wed Jul 04 15:00:05 +0000 2018,0.861,0.0,0.139,56,@NYTimes
0.4576,Wed Jul 04 14:45:06 +0000 2018,0.85,0.0,0.15,57,@NYTimes
-0.5574,Wed Jul 04 14:31:01 +0000 2018,0.533,0.293,0.173,58,@NYTimes
0.4404,Wed Jul 04 14:15:06 +0000 2018,0.838,0.0,0.162,59,@NYTimes
-0.8625,Wed Jul 04 14:00:02 +0000 2018,0.65,0.35,0.0,60,@NYTimes
0.0,Wed Jul 04 13:44:05 +0000 2018,1.0,0.0,0.0,61,@NYTimes
0.0,Wed Jul 04 13:32:02 +0000 2018,1.0,0.0,0.0,62,@NYTimes
-0.4215,Wed Jul 04 13:15:06 +0000 2018,0.851,0.149,0.0,63,@NYTimes
-0.3818,Wed Jul 04 13:00:09 +0000 2018,0.88,0.12,0.0,64,@NYTimes
0.4754,Wed Jul 04 12:44:01 +0000 2018,0.781,0.0,0.219,65,@NYTimes
0.0772,Wed Jul 04 12:28:06 +0000 2018,0.949,0.0,0.051,66,@NYTimes
0.5574,Wed Jul 04 12:15:08 +0000 2018,0.816,0.0,0.184,67,@NYTimes
0.0,Wed Jul 04 12:02:03 +0000 2018,1.0,0.0,0.0,68,@NYTimes
0.504,Wed Jul 04 11:47:02 +0000 2018,0.821,0.0,0.179,69,@NYTimes
0.0,Wed Jul 04 11:32:05 +0000 2018,1.0,0.0,0.0,70,@NYTimes
0.7783,Wed Jul 04 11:17:01 +0000 2018,0.799,0.0,0.201,71,@NYTimes
0.0,Wed Jul 04 11:02:01 +0000 2018,1.0,0.0,0.0,72,@NYTimes
0.0,Wed Jul 04 10:32:04 +0000 2018,1.0,0.0,0.0,73,@NYTimes
0.765,Wed Jul 04 10:02:57 +0000 2018,0.602,0.0,0.398,74,@NYTimes
-0.1027,Wed Jul 04 09:51:02 +0000 2018,0.887,0.113,0.0,75,@NYTimes
0.0,Wed Jul 04 09:48:41 +0000 2018,1.0,0.0,0.0,76,@NYTimes
0.34,Wed Jul 04 09:46:22 +0000 2018,0.854,0.0,0.146,77,@NYTimes
0.5574,Wed Jul 04 09:32:03 +0000 2018,0.854,0.0,0.146,78,@NYTimes
0.3612,Wed Jul 04 09:24:19 +0000 2018,0.783,0.0,0.217,79,@NYTimes
0.0,Wed Jul 04 09:04:53 +0000 2018,1.0,0.0,0.0,80,@NYTimes
0.0,Wed Jul 04 09:02:16 +0000 2018,1.0,0.0,0.0,81,@NYTimes
0.2263,Wed Jul 04 08:57:13 +0000 2018,0.881,0.0,0.119,82,@NYTimes
0.8176,Wed Jul 04 08:38:08 +0000 2018,0.328,0.104,0.568,83,@NYTimes
0.4404,Wed Jul 04 08:32:01 +0000 2018,0.861,0.0,0.139,84,@NYTimes
0.4404,Wed Jul 04 08:07:06 +0000 2018,0.873,0.0,0.127,85,@NYTimes
0.2144,Wed Jul 04 07:49:41 +0000 2018,0.89,0.0,0.11,86,@NYTimes
0.4019,Wed Jul 04 07:33:01 +0000 2018,0.784,0.075,0.141,87,@NYTimes
-0.6124,Wed Jul 04 07:07:08 +0000 2018,0.783,0.217,0.0,88,@NYTimes
-0.4019,Wed Jul 04 06:49:39 +0000 2018,0.847,0.153,0.0,89,@NYTimes
0.0,Wed Jul 04 06:32:02 +0000 2018,1.0,0.0,0.0,90,@NYTimes
-0.7269,Wed Jul 04 06:07:03 +0000 2018,0.664,0.336,0.0,91,@NYTimes
0.34,Wed Jul 04 05:50:16 +0000 2018,0.897,0.0,0.103,92,@NYTimes
-0.3612,Wed Jul 04 05:32:05 +0000 2018,0.894,0.106,0.0,93,@NYTimes
-0.3612,Wed Jul 04 05:13:31 +0000 2018,0.898,0.102,0.0,94,@NYTimes
-0.5719,Wed Jul 04 04:56:17 +0000 2018,0.719,0.281,0.0,95,@NYTimes
0.0,Wed Jul 04 04:38:21 +0000 2018,1.0,0.0,0.0,96,@NYTimes
0.0,Wed Jul 04 04:22:04 +0000 2018,1.0,0.0,0.0,97,@NYTimes
0.3612,Wed Jul 04 04:02:04 +0000 2018,0.762,0.0,0.238,98,@NYTimes
0.0,Wed Jul 04 03:47:02 +0000 2018,1.0,0.0,0.0,99,@NYTimes
-0.8442,Wed Jul 04 03:32:01 +0000 2018,0.622,0.378,0.0,100,@NYTimes
